/*
 Navicat Premium Data Transfer

 Source Server         : localhost
 Source Server Type    : MySQL
 Source Server Version : 50147
 Source Host           : localhost
 Source Database       : jansana

 Target Server Type    : MySQL
 Target Server Version : 50147
 File Encoding         : utf-8

 Date: 12/14/2010 06:45:32 AM
*/

SET NAMES utf8;
SET FOREIGN_KEY_CHECKS = 0;

-- ----------------------------
--  Table structure for `acl_modules`
-- ----------------------------
DROP TABLE IF EXISTS `acl_modules`;
CREATE TABLE `acl_modules` (
  `module_id` int(11) NOT NULL AUTO_INCREMENT,
  `module_name` varchar(255) CHARACTER SET utf8 NOT NULL,
  PRIMARY KEY (`module_id`),
  UNIQUE KEY `module_name` (`module_name`)
) ENGINE=MyISAM AUTO_INCREMENT=30 DEFAULT CHARSET=utf8 COLLATE=utf8_bin;

-- ----------------------------
--  Records of `acl_modules`
-- ----------------------------
BEGIN;
INSERT INTO `acl_modules` VALUES ('1', 'default'), ('2', 'admin'), ('3', 'users'), ('5', 'frontend'), ('26', 'publications'), ('25', 'projects'), ('27', 'images'), ('28', 'developers'), ('29', 'equipo');
COMMIT;

-- ----------------------------
--  Table structure for `acl_permissions`
-- ----------------------------
DROP TABLE IF EXISTS `acl_permissions`;
CREATE TABLE `acl_permissions` (
  `permission_id` int(11) NOT NULL AUTO_INCREMENT,
  `role_id` int(1) NOT NULL,
  `resource_uid` int(4) NOT NULL,
  `permission` varchar(64) CHARACTER SET latin1 NOT NULL,
  `name` varchar(250) CHARACTER SET latin1 NOT NULL,
  `menu` int(2) NOT NULL DEFAULT '0',
  PRIMARY KEY (`permission_id`),
  KEY `fk_acl_permissions_acl_roles` (`role_id`),
  KEY `fk_acl_permissions_acl_resources1` (`resource_uid`)
) ENGINE=MyISAM AUTO_INCREMENT=395 DEFAULT CHARSET=utf8 COLLATE=utf8_bin;

-- ----------------------------
--  Records of `acl_permissions`
-- ----------------------------
BEGIN;
INSERT INTO `acl_permissions` VALUES ('1', '1', '1', 'index', 'Index', '0'), ('9', '6', '8', 'index', 'frontend', '0'), ('11', '6', '11', 'login', 'login', '0'), ('12', '6', '11', 'logout', 'logout', '0'), ('34', '6', '20', 'index', 'index', '0'), ('36', '1', '22', 'index', 'index users', '0'), ('37', '1', '22', 'add', 'add users', '0'), ('38', '1', '22', 'edit', 'edit users', '0'), ('39', '1', '22', 'delete', 'delete users', '0'), ('40', '1', '22', 'editpassword', 'editPassword User', '0'), ('41', '1', '23', 'index', 'index resources', '0'), ('42', '1', '23', 'add', 'add resources', '0'), ('43', '1', '23', 'edit', 'edit resources', '0'), ('44', '1', '23', 'delete', 'delete resource', '0'), ('45', '1', '24', 'index', 'index roles', '0'), ('46', '1', '24', 'edit', 'edit roles', '0'), ('47', '1', '24', 'delete', 'delete roles', '0'), ('48', '1', '25', 'index', 'index permissions', '0'), ('49', '1', '25', 'edit', 'edit permissions', '0'), ('50', '1', '25', 'delete', 'delete permission', '0'), ('51', '1', '26', 'index', 'index modules', '0'), ('52', '1', '26', 'edit', 'edit modules', '0'), ('53', '1', '26', 'add', 'add modules', '1'), ('54', '1', '26', 'delete', 'delete modules', '0'), ('55', '1', '24', 'add', 'add roles', '1'), ('56', '1', '25', 'add', 'add permissions', '0'), ('58', '1', '1', 'listresources', 'List Resources', '1'), ('59', '1', '1', 'checkconfig', 'Check Config', '1'), ('60', '6', '11', 'loginuser', 'Login User', '1'), ('74', '1', '23', 'listresources', 'List Resources', '1'), ('363', '6', '8', 'contacta', 'contacta', '1'), ('136', '1', '1', 'datadump', 'datadump', '1'), ('138', '1', '1', 'dump', 'dumps', '1'), ('139', '1', '1', 'permissionsdump', 'permissionsdump', '1'), ('140', '1', '1', 'restorepermissionsdump', 'restorepermissionsdump', '1'), ('372', '5', '69', 'toggle', 'toggle', '1'), ('371', '6', '11', 'logoutandback', 'logoutandback', '1'), ('370', '5', '69', 'delete', 'delete', '1'), ('227', '1', '54', 'execute', 'execute', '1'), ('367', '5', '69', 'index', 'index', '1'), ('368', '5', '69', 'add', 'add', '1'), ('369', '5', '69', 'edit', 'edit', '1'), ('233', '1', '55', 'delete', 'delete', '1'), ('234', '1', '55', 'toggle', 'toggle', '1'), ('362', '6', '8', 'premios', 'premios', '1'), ('364', '6', '8', 'detalles', 'detalles', '1'), ('347', '1', '65', 'index', 'index', '1'), ('348', '1', '65', 'dojo', 'dojo', '1'), ('359', '6', '8', 'equipo', 'equipo', '1'), ('360', '6', '8', 'proyectos', 'proyectos', '1'), ('361', '6', '8', 'publicaciones', 'publicaciones', '1'), ('373', '1', '70', 'add', 'add', '1'), ('374', '1', '70', 'edit', 'edit', '1'), ('375', '1', '70', 'delete', 'delete', '1'), ('376', '1', '70', 'index', 'index', '1'), ('377', '1', '72', 'index', 'index', '1'), ('378', '1', '72', 'add', 'add', '1'), ('379', '1', '72', 'edit', 'edit', '1'), ('380', '1', '72', 'delete', 'delete', '1'), ('381', '1', '72', 'resize', 'resize', '1'), ('385', '1', '73', 'index', 'index', '1'), ('383', '1', '73', 'useajax', 'useajax', '1'), ('384', '1', '73', 'usedojojs', 'usedojojs', '1'), ('388', '1', '74', 'index', 'index', '1'), ('387', '1', '69', 'addphotoform', 'addphotoform', '1'), ('389', '1', '74', 'add', 'add', '1'), ('390', '1', '74', 'edit', 'edit', '1'), ('391', '1', '74', 'delete', 'delete', '1'), ('392', '1', '75', 'addphoto', 'addphoto', '1'), ('393', '1', '75', 'deletephoto', 'deletephoto', '1'), ('394', '1', '75', 'reloadgallery', 'reloadgallery', '1');
COMMIT;

-- ----------------------------
--  Table structure for `acl_resources`
-- ----------------------------
DROP TABLE IF EXISTS `acl_resources`;
CREATE TABLE `acl_resources` (
  `uid` int(11) NOT NULL AUTO_INCREMENT,
  `module_id` int(11) NOT NULL,
  `resource` varchar(64) CHARACTER SET latin1 NOT NULL,
  `name_r` varchar(250) CHARACTER SET latin1 NOT NULL,
  PRIMARY KEY (`uid`),
  UNIQUE KEY `resource` (`resource`),
  KEY `fk_acl_resources_acl_modules1` (`module_id`)
) ENGINE=MyISAM AUTO_INCREMENT=76 DEFAULT CHARSET=utf8 COLLATE=utf8_bin;

-- ----------------------------
--  Records of `acl_resources`
-- ----------------------------
BEGIN;
INSERT INTO `acl_resources` VALUES ('1', '2', 'admin:index', 'Admin'), ('8', '5', 'frontend:index', 'Frontend'), ('11', '3', 'users:author', 'Author'), ('20', '1', 'default:index', 'index'), ('22', '3', 'users:index', 'Users'), ('23', '3', 'users:resources', 'resources'), ('24', '3', 'users:roles', 'roles'), ('25', '3', 'users:permissions', 'permissions'), ('26', '3', 'users:modules', 'modules'), ('54', '2', 'admin:cli', 'cli'), ('65', '2', 'admin:optimize', 'optimize'), ('69', '25', 'projects:index', 'index'), ('70', '26', 'publications:index', 'index'), ('72', '27', 'images:index', 'index'), ('73', '28', 'developers:index', 'index'), ('74', '29', 'equipo:index', 'index'), ('75', '25', 'projects:ajax', 'ajax');
COMMIT;

-- ----------------------------
--  Table structure for `acl_roles`
-- ----------------------------
DROP TABLE IF EXISTS `acl_roles`;
CREATE TABLE `acl_roles` (
  `role_id` int(11) NOT NULL AUTO_INCREMENT,
  `role_name` varchar(64) CHARACTER SET latin1 NOT NULL,
  `role_parents` varchar(255) CHARACTER SET latin1 NOT NULL DEFAULT '0',
  `prefered_uri` varchar(255) CHARACTER SET latin1 NOT NULL DEFAULT '0',
  PRIMARY KEY (`role_id`),
  UNIQUE KEY `role_name` (`role_name`)
) ENGINE=MyISAM AUTO_INCREMENT=18 DEFAULT CHARSET=utf8 COLLATE=utf8_bin;

-- ----------------------------
--  Records of `acl_roles`
-- ----------------------------
BEGIN;
INSERT INTO `acl_roles` VALUES ('1', 'Implementor', '5', 'admin'), ('5', 'Administrator', '6', 'projects'), ('6', 'Everyone', '0', '0');
COMMIT;

-- ----------------------------
--  Table structure for `acl_users`
-- ----------------------------
DROP TABLE IF EXISTS `acl_users`;
CREATE TABLE `acl_users` (
  `uid` int(11) NOT NULL AUTO_INCREMENT,
  `role_id` int(4) NOT NULL,
  `user_name` varchar(64) CHARACTER SET latin1 NOT NULL DEFAULT '0',
  `password` varchar(250) CHARACTER SET latin1 NOT NULL,
  `date` timestamp NOT NULL DEFAULT '0000-00-00 00:00:00',
  `email` varchar(250) CHARACTER SET latin1 NOT NULL DEFAULT '0',
  `status` int(2) NOT NULL DEFAULT '0',
  `person_id` varchar(250) CHARACTER SET latin1 NOT NULL DEFAULT '0',
  `validation_code` varchar(250) CHARACTER SET latin1 NOT NULL DEFAULT '0',
  `phone` varchar(250) CHARACTER SET latin1 NOT NULL DEFAULT '0',
  PRIMARY KEY (`uid`),
  UNIQUE KEY `email` (`email`)
) ENGINE=MyISAM AUTO_INCREMENT=24 DEFAULT CHARSET=utf8 COLLATE=utf8_bin;

-- ----------------------------
--  Records of `acl_users`
-- ----------------------------
BEGIN;
INSERT INTO `acl_users` VALUES ('1', '1', 'Agustín Calderón', '1b51bc5fa5a990a0519ba9a01d8c18f92f241c849e5a442113d67db623ee593c', '2009-05-25 00:00:00', 'agustincl@gmail.com', '1', '0', '0', '687 780 786'), ('2', '6', 'Guest', '', '0000-00-00 00:00:00', '0', '0', '0', '0', '0'), ('3', '5', 'jdvdp', '1b51bc5fa5a990a0519ba9a01d8c18f92f241c849e5a442113d67db623ee593c', '0000-00-00 00:00:00', 'suombuel@gmail.com', '1', '0', '0', '687 780 786'), ('5', '7', 'Adriá Lahuerta', 'c3e249fdaabe65a2a7b8a3d4e6d8e29ea3c444817d38b12c03e3979c4e7e8089', '2009-08-26 12:43:09', 'calvarez@iptours.com', '1', '0', '0', '12345');
COMMIT;

-- ----------------------------
--  Table structure for `categories`
-- ----------------------------
DROP TABLE IF EXISTS `categories`;
CREATE TABLE `categories` (
  `id` int(11) NOT NULL AUTO_INCREMENT,
  `category_eng` varchar(100) COLLATE utf8_bin NOT NULL,
  `category_esp` varchar(100) COLLATE utf8_bin NOT NULL,
  `category_cat` varchar(100) COLLATE utf8_bin NOT NULL,
  `category_short` varchar(255) COLLATE utf8_bin NOT NULL,
  PRIMARY KEY (`id`)
) ENGINE=MyISAM AUTO_INCREMENT=11 DEFAULT CHARSET=utf8 COLLATE=utf8_bin;

-- ----------------------------
--  Records of `categories`
-- ----------------------------
BEGIN;
INSERT INTO `categories` VALUES ('1', 'Planeamiento', 'Planeamiento', 'Planeamiento', 'planeamiento'), ('2', 'Parques y jardines', 'Parques y jardines', 'Parques y jardines', 'parques_y_jardines'), ('3', 'Paisaje', 'Paisaje', 'Paisaje', 'paisaje'), ('4', 'Diseño urbano', 'Diseño urbano', 'Diseño urbano', 'diseno_urbano'), ('5', 'Mobiliario urbano', 'Mobiliario urbano', 'Mobiliario urbano', 'mobiliario_urbano'), ('6', 'Interiorismo', 'Interiorismo', 'Interiorismo', 'interiorismo'), ('7', 'Nueva planta', 'Nueva planta', 'Nueva planta', 'nueva_planta'), ('8', 'Rehabilitación', 'Rehabilitación', 'Rehabilitación', 'rehabilitacion'), ('9', 'Efímeros', 'Efímeros', 'Efímeros', 'efimeros'), ('10', 'Diseño', 'Diseño', 'Diseño', 'diseno');
COMMIT;

-- ----------------------------
--  Table structure for `contacta`
-- ----------------------------
DROP TABLE IF EXISTS `contacta`;
CREATE TABLE `contacta` (
  `id` int(11) NOT NULL AUTO_INCREMENT,
  `contacto_esp` text COLLATE utf8_bin NOT NULL,
  `contacto_eng` text COLLATE utf8_bin,
  `contacto_cat` text COLLATE utf8_bin,
  PRIMARY KEY (`id`)
) ENGINE=MyISAM DEFAULT CHARSET=utf8 COLLATE=utf8_bin;

-- ----------------------------
--  Table structure for `equipo`
-- ----------------------------
DROP TABLE IF EXISTS `equipo`;
CREATE TABLE `equipo` (
  `id` int(11) NOT NULL AUTO_INCREMENT,
  `equipo_esp` text COLLATE utf8_bin,
  `equipo_eng` text COLLATE utf8_bin,
  `equipo_cat` text COLLATE utf8_bin,
  `photo` varchar(255) COLLATE utf8_bin DEFAULT NULL COMMENT '				',
  `description_esp` text COLLATE utf8_bin,
  `description_eng` text COLLATE utf8_bin,
  `description_cat` text COLLATE utf8_bin,
  PRIMARY KEY (`id`)
) ENGINE=MyISAM AUTO_INCREMENT=2 DEFAULT CHARSET=utf8 COLLATE=utf8_bin;

-- ----------------------------
--  Records of `equipo`
-- ----------------------------
BEGIN;
INSERT INTO `equipo` VALUES ('1', 0x3c6469763e3c623e4a414e53414e412c204445204c412056494c4c412c2044452050414155572c2041525155495445435445533c2f623e20657320756e206573747564696f206465206172717569746563747572612065737461626c656369646f20656e2042617263656c6f6e6120646564696361646f20616c2070616973616a69736d6f2c20656c2064697365c3b16f20757262616e6f2c20656c20757262616e69736d6f2c206c6120656469666963616369c3b36e2c20656c20696e746572696f7269736d6f2079206c61207265686162696c6974616369c3b36e2e204465736172726f6c6c61207375732070726f796563746f7320612070617274697220646520756e612064696c617461646120657870657269656e636961206465206dc3a1732064652032302061c3b16f73206465206163746976696461642074726162616a616e646f2074616e746f2070617261206c612061646d696e69737472616369c3b36e2070c3ba626c69636120636f6d6f207061726120656c20736563746f72207072697661646f2e3c2f6469763e3c6469763ec2a03c2f6469763e3c6469763e496d6d61204a616e73616e612c20436f6e6368697461206465206c612056696c6c61207920526f6265727420646520506161757720736f6e206c6f73206172717569746563746f732061736f636961646f7320696e74656772616e746573206465206c612064697265636369c3b36e2064656c2065717569706f207175652c207369656d70726520646573646520756e61207065727370656374697661206d756c74696469736369706c696e61722c206861206465736172726f6c6c61646f20656e747265206f74726f7320656c203c623e506c616e204469726563746f72206465206c6173205a6f6e617320566572646573206465205669746f7269612d4761737465697a3c2f623e2c206c61203c623e436f6e736f6c6964616369c3b36e2064656c20656e746f726e6f2064656c204d6573c3b36e20476974616e6f20656e206c6120416c63617a61626120646520416c6d6572c3ad613c2f623e2c206c61203c623e52657374617572616369c3b36e2064656c2063616d696e6f2064652061636365736f2061206c61204372697074612047c3bc656c6c3c2f623e20656e2053746120436f6c6f6d612064652043657276656c6cc3b32c206c6120636f6e73747275636369c3b36e206465206c61203c623e4e75657661204772616e20566961206ce28099486f73706974616c65743c2f623e2c20656c203c623e506172717565206465206c6120436c6f74613c2f623e20656e205361626164656c6c2c206c6f73203c623e4a617264696e657320646520526f647269676f204361726f3c2f623e20656e2042617263656c6f6e61206f20656c203c623e436173616c2064652062617272692056657264756e3c2f623e20656e2042617263656c6f6e612e3c2f6469763e3c6469763ec2a03c2f6469763e3c6469763e41637475616c6d656e74652074726162616a6120656e20656c20c2a03c623e4571756970616d69656e746f2070617261206c6f73206e7565766f732056657374756172696f73206465206c61205a6f6e61204465706f7274697661206465206c61204465766573613c2f623e20656e204769726f6e612c20656c203c623e5061727175652064656c204d6f6cc3ad206465206ce28099416d6174203c2f623e656e205361626164656c6c2c203c623e45636f647563746f20792062616c73617320646520726574656e6369c3b36e20656e20656c20436f727265646f722056657264653c2f623e206465204365726461c3b16f6c612064656c2056616c6cc3a973206f20656c203c623e506172717565206c69746f72616c3c2f623e20656e20656c2050726174206465204c6c6f6272656761742c20656e747265206f74726f732e3c2f6469763e, 0x3c6469763e3c6469763e3c623e4a414e53414e412c204445204c412056494c4c412c2044452050414155572c2041525155495445435445533c2f623e2c20697320616e206172636869746563747572616c206669726d2065737461626c697368656420696e2042617263656c6f6e612c2064656469636174656420746f206c616e647363617065206172636869746563747572652c20757262616e2064657369676e2c20746f776e20706c616e6e696e672c206275696c64696e672c20696e746572696f722064657369676e20616e64207265686162696c69746174696f6e2e205468652070726f6a656374732061726520646576656c6f7065642066726f6d2061207661737420657870657269656e6365206f66206d6f7265207468616e203230207965617273206f6620616374697669747920776f726b696e6720666f7220626f7468207075626c69632061646d696e697374726174696f6e20616e64207072697661746520736563746f722e3c2f6469763e3c6469763e3c6272202f3e3c2f6469763e3c6469763e496d6d61204a616e73616e612c20436f6e6368697461206465206c612056696c6c6120616e6420526f626572742064652050616175772061726520746865206173736f6369617465642061726368697465637473206d656d62657273206f6620746865206d616e6167656d656e74207465616d2074686174206861732063617272696564206f75742c20616c7761797320776974682061206d756c74692d6469736369706c696e6172792070657273706563746976652c2070726f6a65637473207375636820617320746865203c623e4d617374657220506c616e20477265656e205a6f6e657320696e205669746f7269612d4761737465697a3c2f623e2c20746865203c623e436f6e736f6c69646174696f6e206f662074686520656e7669726f6e6d656e747320696e20476974616e6f204d6573c3b36e206e65787420746f2074686520416c63617a6162613c2f623e206f6620416c6d657269612c20746865203c623e526573746f726174696f6e206f662074686520616363657373207061746820746f207468652043727970742047c3bc656c6c3c2f623e20696e2053616e746120436f6c6f6d612064652043657276656c6c6f2c2074686520636f6e737472756374696f6e206f6620746865203c623e4e6577204772616e20566961206c27486f73706974616c65743c2f623e2c20746865205061726b20436c6f746120696e205361626164656c6c2c2074686520526f647269676f204361726f2047617264656e7320696e2042617263656c6f6e61206f72207468652043697669632043656e7465722056657264756e20696e2042617263656c6f6e612e3c2f6469763e3c6469763e3c6272202f3e3c2f6469763e3c6469763e43757272656e746c7920776f726b696e67206f6e206e657720746865203c623e4e6577204472657373696e6720526f6f6d7320666f72207468652053706f727473205a6f6e65206f6620c2a04465766573613c2f623e20696e204769726f6e612c203c623e5061726b206f66204d6f6cc3ad206465206ce28099416d61743c2f623e20696e205361626164656c6c2c203c623e45636f6475637420616e6420726574656e74696f6e20706f6e6473206174206120477265656e20436f727269646f723c2f623e20696e204365726461c3b16f6c61206f72203c623e436f6173746c696e65205061726b3c2f623e20696e20456c2050726174206465204c6c6f6272656761742c20616d6f6e67206f74686572732e3c2f6469763e3c2f6469763e, 0x3c6469763e3c623e4a414e53414e412c204445204c412056494c4c412c2044452050414155572c2041525155495445435445533c2f623e20c3a97320756e206573747564692064e280996172717569746563747572612065737461626c65727420612042617263656c6f6e61206465646963617420616c2070616973617467696d652c20656c2064697373656e7920757262c3a02c206ce28099757262616e69736d652c206ce28099656469666963616369c3b32c206ce28099696e746572696f7269736d652069206c61207265686162696c6974616369c3b32e20446573656e766f6c75706120656c7320736575732070726f6a65637465732061207061727469722064e28099756e612064696c617461646120657870657269c3a86e636961206465206dc3a97320646520323020616e79732064e280996163746976697461742074726562616c6c616e742074616e20706572206ce2809961646d696e69737472616369c3b32070c3ba626c69636120636f6d2070656c20736563746f72207072697661742e3c2f6469763e3c6469763ec2a03c2f6469763e3c6469763e496d6d61204a616e73616e612c20436f6e6368697461206465206c612056696c6c61206920526f626572742064652050616175772073c3b36e20656c73206172717569746563746573206173736f636961747320696e74656772616e7473206465206c612064697265636369c3b36e206465206ce280996571756970207175652c2073656d707265206465732064e28099756e61207065727370656374697661206d756c74696469736369706c696e61722c206861207265616c69747a617420656e7472652064e28099616c747265732c2070726f6a656374657320636f6d20656c203c623e506c61204469726563746f72206465206c6573205a6f6e65732056657264657320646520566974c3b27269612d4761737465697a3c2f623e2c206c61203c623e436f6e736f6c6964616369c3b3206465206ce28099656e746f726e2064656c204d6573c3b36e20476974616e6f2061206ce28099416c63617a6162612064e28099416c6d657269613c2f623e2c206c61203c623e52657374617572616369c3b32064656c2063616dc3ad2064e28099616363c3a8732061206c61204372697074612047c3bc656c6c3c2f623e20612053746120436f6c6f6d612064652043657276656c6cc3b32c206c6120636f6e73747275636369c3b3206465206c61203c623e4e6f7661204772616e20566961206ce28099486f73706974616c65743c2f623e2c20656c203c623e50617263206465206c6120436c6f74613c2f623e2061205361626164656c6c2c20656c73203c623e4a617264696e7320646520526f647269676f204361726f3c2f623e20612042617263656c6f6e61206f20656c203c623e436173616c2064652062617272692056657264756d3c2f623e20612042617263656c6f6e612e3c2f6469763e3c6469763ec2a03c2f6469763e3c6469763e41637475616c6d656e742074726562616c6c6120656e206ce280993c623e4571756970616d656e742070657220656c73206e6f7573207665737469646f7273206465206c61205a6f6e61206573706f7274697661206465206c61204465766573613c2f623e2061204769726f6e612c20656c203c623e506172632064656c204d6f6cc3ad206465206ce28099416d61743c2f623e2061205361626164656c6c2c20656e206ce280993c623e45636f647563746520692062617373657320646520726574656e6369c3b320616c20436f727265646f7220566572643c2f623e2064652043657264616e796f6c612064656c2056616c6cc3a973206f20656c203c623e50617263206c69746f72616c3c2f623e20656e20656c2050726174206465204c6c6f6272656761742e3c2f6469763e, 'foto despatx mitja.jpg', 0x44652064657265636861206120697a717569657264613a20526f626572742064652050616175772c206172717569746563746f3b204361726c6f746120536f63c3ad61732c20617271756974656374613b20496d6d61204a616e73616e612c20617271756974656374613b20546f6e69204162656c6cc3b32c206172717569746563746f3b2042657474612043616e6570612c20617271756974656374613b20426172626172612048656c6c696e2c20617271756974656374613b204c6f6c69204361736175732c2061646d696e69737472616369c3b36e3b20436f6e6368697461206465206c612056696c6c612052697669c3a872652c2061727175697465637461, '', '');
COMMIT;

-- ----------------------------
--  Table structure for `prices`
-- ----------------------------
DROP TABLE IF EXISTS `prices`;
CREATE TABLE `prices` (
  `id` int(11) NOT NULL,
  `price` varchar(45) COLLATE utf8_bin NOT NULL,
  `description` text COLLATE utf8_bin,
  `year` varchar(45) COLLATE utf8_bin DEFAULT NULL,
  PRIMARY KEY (`id`)
) ENGINE=MyISAM DEFAULT CHARSET=utf8 COLLATE=utf8_bin;

-- ----------------------------
--  Table structure for `projects`
-- ----------------------------
DROP TABLE IF EXISTS `projects`;
CREATE TABLE `projects` (
  `id` int(11) NOT NULL AUTO_INCREMENT,
  `short_name` varchar(50) COLLATE utf8_bin NOT NULL,
  `status` int(1) DEFAULT NULL,
  `thumbnail` varchar(255) COLLATE utf8_bin NOT NULL,
  `images` text COLLATE utf8_bin NOT NULL,
  `year` varchar(255) COLLATE utf8_bin DEFAULT NULL,
  `area` varchar(255) COLLATE utf8_bin DEFAULT NULL,
  `presupuesto` varchar(255) COLLATE utf8_bin DEFAULT NULL,
  `map` varchar(255) COLLATE utf8_bin DEFAULT NULL,
  `categories_id` int(11) NOT NULL,
  `photos` varchar(255) COLLATE utf8_bin DEFAULT NULL,
  `project_esp` varchar(255) COLLATE utf8_bin NOT NULL,
  `place_esp` varchar(255) COLLATE utf8_bin DEFAULT NULL,
  `description_esp` text COLLATE utf8_bin,
  `premios_esp` text COLLATE utf8_bin,
  `cliente_esp` text COLLATE utf8_bin,
  `associates_esp` text COLLATE utf8_bin,
  `colaborators_esp` text COLLATE utf8_bin,
  `consultors_esp` text COLLATE utf8_bin COMMENT '	',
  `constructor_esp` text COLLATE utf8_bin,
  `pdf_esp` varchar(255) COLLATE utf8_bin DEFAULT NULL,
  `project_cat` varchar(255) COLLATE utf8_bin DEFAULT NULL,
  `place_cat` varchar(255) COLLATE utf8_bin DEFAULT NULL,
  `description_cat` text COLLATE utf8_bin,
  `premios_cat` text COLLATE utf8_bin,
  `cliente_cat` text COLLATE utf8_bin,
  `associates_cat` text COLLATE utf8_bin,
  `colaborators_cat` text COLLATE utf8_bin,
  `consultors_cat` text COLLATE utf8_bin,
  `constructor_cat` text COLLATE utf8_bin,
  `pdf_cat` varchar(255) COLLATE utf8_bin DEFAULT NULL,
  `project_eng` varchar(255) COLLATE utf8_bin DEFAULT NULL,
  `place_eng` varchar(255) COLLATE utf8_bin DEFAULT NULL,
  `description_eng` text COLLATE utf8_bin,
  `premios_eng` text COLLATE utf8_bin,
  `cliente_eng` text COLLATE utf8_bin,
  `associates_eng` text COLLATE utf8_bin,
  `colaborators_eng` text COLLATE utf8_bin,
  `consultors_eng` text COLLATE utf8_bin,
  `constructor_eng` text COLLATE utf8_bin,
  `pdf_eng` varchar(255) COLLATE utf8_bin DEFAULT NULL,
  PRIMARY KEY (`id`),
  UNIQUE KEY `short_name_UNIQUE` (`short_name`),
  KEY `fk_projects_categories1` (`categories_id`)
) ENGINE=MyISAM AUTO_INCREMENT=43 DEFAULT CHARSET=utf8 COLLATE=utf8_bin;

-- ----------------------------
--  Records of `projects`
-- ----------------------------
BEGIN;
INSERT INTO `projects` VALUES ('2', 'zonas_verds_hospitalet', '1', '7', 0x61765f63617272696c65745f6269732e6a70672c617664615f63617272696c65742e6a70672c6d617274695f636f646f6c61725f62757365735f66696e616c2e6a70672c706c616e6f6c5f312e6a70672c706c616e6f6c5f322e6a70672c706c616e6f6c5f332e6a70672c732e65756c616c69615f746f726465722e6a70672c7374615f65756c616c69612e6a7067, '2005', '', '', '', '1', '', 'PLAN DIRECTOR DELS ESPAIS VERDS DE L’HOSPITALET', 'L’Hospitalet de Llobregat', 0x4d6f64656c6f20646566696e69746f72696f206465206c6173206cc3ad6e6561732064652074726162616a6f2062c3a17369636173207175652070756564616e206d6172636172206c617320616374756163696f6e657320656e206c6173207a6f6e61732076657264657320656e206c6f73207072c3b378696d6f732061c3b16f732c2074656e69656e646f20656e206375656e746120766563746f7265732074616e206469766572736f7320636f6d6f20656c20757262616e69736d6f207920656c2070616973616a652c206c6f7320666c756a6f7320717565206166656374616e20616c206d6564696f20616d6269656e74652c206c612062696f6469766572736964616420792074616d6269c3a96e206c6f73206173706563746f7320736f6369616c65732064652072656c616369c3b36e2079207061727469636970616369c3b36e20706172612070726f6d6f7665722063616d7061c3b1617320646520666f6d656e746f2064656c20636f6d706f7274616d69656e746f2063c3ad7669636f207920726573706574756f736f20636f6e20656c206d6564696f2e, '', 0x4179756e74616d69656e746f206465204c27486f73706974616c6574, 0x4d6174c3a872696120566572646120532e4c2e2c204d617274c3ad20426f6164612c206765c3b3677261666f3b20204a6f616e205269657261646576616c6c2c20646f63746f7220656e204369656e63696173207175c3ad6d696361732e, '', '', '', '', 'PLA DIRECTOR DELS ESPAIS VERDS DE L’HOSPITALET', 'L’Hospitalet de Llobregat', 0x4d6f64656c20646566696e69746f7269206465206c6573206cc3ad6e6965732064652074726562616c6c2062c3a0736971756573207175652070756775696e206d6172636172616e206c657320616374756163696f6e7320656e207a6f6e65732076657264657320656e20656c732070726f7065727320616e79732c20746f742074656e696e7420656e20636f6d70746520766563746f72732074616e206469766572736f7320636f6d206c5c27757262616e69736d65206920656c2070616973617467652c20656c7320666c75786f7320717565206166656374656e20616c206d65646920616d6269656e742c206c612062696f6469766572736974617420692074616d62c3a920656c7320617370656374657320736f6369616c732064652072656c616369c3b32069207061727469636970616369c3b3207065722074616c2064652070726f6d6f7572652063616d70616e79657320646520666f6d656e742064656c20636f6d706f7274616d656e742063c3ad7669632069207265737065637475c3b37320616d6220656c206d6564692e0d0a0d0a4c5c27657374756469207065722061206c6120646566696e696369c3b32064656c206d6f64656c2076657264206465206c5c27486f73706974616c65742068612072657175657269742066657220756e6120726164696f677261666961206465206c61207265616c69746174206465206c5c27486f73706974616c65742e204465207072696d657220735c2768616e20616e616c69747a6174206c65732064616465732067656e6572616c7320646520636975746174202867656f6772c3a06669717565732c2064656d6f6772c3a066697175657320692065636f6ec3b26d6971756573292069206465737072c3a8732c206c612073697475616369c3b32064656c7320766563746f727320717565206166656374656e20656c206d6f64656c3a206573746174206465206c61206765737469c3b32069206d616e74656e696d656e74206465206c6573207a6f6e6573207665726465732c20757262616e69736d65206920706f6cc3ad7469636120616d6269656e74616c2064656c206d756e69636970692e0d0a0d0a456c206d6f64656c206465206765737469c3b3207175652065732070726f706f736120706572206c6573207a6f6e657320766572646573206465206ce28099486f73706974616c657420657320636f6e637265746120656e20e2809c756e61206765737469c3b3206566696361c3a72069206566696369656e742c2063c3ad766963616d656e74206578656d706c61722c20666f63616c69747a616461206120637265617220756e2073697374656d612076657264207669752c20726163696f6e616c2c20636f686573696f6e61742069206465207175616c697461742c207175652073696775692070726f7065722c2061636365737369626c6520692076697363757420706572206c657320706572736f6e657320692071756520636f6e7472696275656978692061206c61206d696c6c6f7261206465206c61207175616c6974617420616d6269656e74616c206465206c5c27486f73706974616c6574e2809d2e0d0a0d0a4c5c27616ec3a06c697369206465206c6120646973706f73696369c3b32064656c732070617263732c206a617264696e732c2070657469742076657264206920657370616973206c6c697572657320736f62726520656c207465727269746f7269206465206c61206369757461742020656e73206861207065726dc3a8732074726f626172206c6120636c61752070657220646573656e766f6c7570617220756e2070726f6a6563746520646520636f6e6e657869c3b32070616973617467c3ad7374696320612074726176c3a97320645c27756e61207472616d6120747269616e67756c61722e200d0a556e206772616e20747269616e676c652064652072656c616369c3b320645c276573706169732076657264732c20666f726d617420706572206c6120436f726e69736120566572646120352c206c612052616d626c61206465206c61204d6172696e612069206c61204772616e2056696120207175652061637475c3af20636f6d20616c2063656e74726520645c27756e6120726574c3ad63756c61207175652072656c6163696f6e69206c6120726573746120645c27657370616973207665726473206465206c61206369757461742e0d0a0d0a50726f706f737465732071756520657320636f6e7369646572656e206372c3ad746971756573207065722074616c20645c2761636f6e736567756972206c5c276f626a65637469752073c3b36e3a0d0a0d0ae280a20954656e697220756e206d617263206f7267616e69747a61746975206dc3a97320c3a067696c206920612073657220706f737369626c652c20616d6220696e67726573736f732070726f7069732e0d0ae280a209496d706c616e74617220706f6cc3ad74697175657320646520726163696f6e616c69747a616369c3b32c206d6f6465726e69747a616369c3b32c207265636f6e7665727369c3b32069206e6f726d6174697669747a616369c3b32064656c206d616e74656e696d656e742064656c207665726420757262c3a02e0d0ae280a20941646170746172206c61206765737469c3b32069206d616e74656e696d656e74206465206c6573207a6f6e65732076657264657320757262616e657320616c7320637269746572697320646520646573656e766f6c7570616d656e7420736f7374656e69626c652e0d0ae280a20941636f6e73656775697220756e61206964656e7469746174206465207061697361746765207072c3b270696120706572206c5c27486f73706974616c65742e0d0ae280a20950726f6d6f75726520656c20636f6e656978656d656e74206920c3ba73206465206c61206f66657274612076657264612064656c206d756e69636970692e0d0ae280a2094175676d656e746172206c65732068656374c3a072656573206465207a6f6e6120766572646120757262616e612e, '', 0x416a756e74616d656e74206465206ce28099486f73706974616c6574, 0x4d6174c3a872696120566572646120534c3b204d617274c3ad20426f6164612c206765c3b2677261663b204a6f616e205269657261646576616c6c2c20646f63746f7220656e206369c3a86e63696573207175c3ad6d6971756573, '', '', '', '', 'MASTER PLAN FOR THE GREEN ZONES IN L\'HOSPITALET', 'L\'Hospitalet de Llobregat', 0x4d6f64656c20646566696e696e6720746865206261736963206c696e6573206f6620776f726b20746861742063616e206d616b65207468652070726f63656564696e677320696e2074686520677265656e20617265617320696e2074686520636f6d696e672079656172732c20676976656e20766563746f7273206173206469766572736520617320757262616e20706c616e6e696e6720616e64206c616e6473636170652c2074686520666c6f77732074686174206166666563742074686520656e7669726f6e6d656e742c2062696f64697665727369747920616e6420736f6369616c20617370656374732072656c6174696f6e7368697020616e6420656e676167656d656e7420746f2070726f6d6f74652063616d706169676e7320746f2070726f6d6f746520636976696320726573706f6e736962696c69747920616e6420656e7669726f6e6d656e74616c6c7920667269656e646c792e0d0a0d0a54686520737475647920666f722074686520646566696e6974696f6e206f662074686520677265656e206d6f64656c206f66204c27486f73706974616c657420686176652072657175657374656420616e20582d726179206f6620746865207265616c697479206f66204c27486f73706974616c65742e204669727374207765206861766520616e616c797a65642074686520636974795c27732067656e6572616c2064617461202867656f677261706869632c2064656d6f6772617068696320616e642065636f6e6f6d69632920616e64207468656e2074686520736974756174696f6e206f662074686520766563746f727320746861742061666665637420746865206d6f64656c3a207374617465206f6620746865206d616e6167656d656e7420616e64206d61696e74656e616e6365206f6620677265656e2061726561732c20757262616e20646576656c6f706d656e7420616e64206d756e69636970616c20656e7669726f6e6d656e74616c20706f6c6963792e0d0a0d0a546865206d616e6167656d656e74206d6f64656c2070726f706f73656420666f722074686520677265656e20617265617320696e204c27486f73706974616c65742069732073706563696669656420696e2022616e2065666665637469766520616e6420656666696369656e74206d616e6167656d656e742c2063697669632069737375652c20666f6375736564206f6e206372656174696e67206120766976696420677265656e2c20726174696f6e616c2c20636f686573697665207175616c697479207468617420697320636c6f73652c2061636365737369626c6520616e64206c6976656420666f722070656f706c6520616e6420636f6e7472696275746520746f20696d70726f76696e672074686520656e7669726f6e6d656e74616c207175616c697479206f66204c27486f73706974616c65742e0d0a0d0a54686520616e616c79736973206f66207468652070726f766973696f6e206f66207061726b732c2067617264656e732c20736d616c6c20677265656e20616e64206f70656e207370616365206f76657220746865207465727269746f7279206f662074686520636974792068617320616c6c6f77656420757320746f2066696e6420746865206b657920746f20646576656c6f70696e672061206472616674206c616e64736361706520636f6e6e656374696f6e207468726f756768206120747269616e67756c6172207061747465726e2e0d0a41206c6172676520747269616e67756c61722072656c6174696f6e73686970206f6620677265656e2073706163652c20666f726d65642062792074686520636f726e69636520566572646520352c207468652052616d626c61206465206c61204d6172696e6120616e64204772616e2056696120616374696e67206173207468652063656e746572206f6620612067726964206c696e6b696e67207468652072657374206f66207468652063697479277320677265656e207370616365732e0d0a0d0a50726f706f73616c7320746861742061726520636f6e7369646572656420637269746963616c20746f20616368696576696e672074686520676f616c206172653a0d0a0d0ae280a220486176652061206d6f726520666c657869626c65206f7267616e697a6174696f6e616c206672616d65776f726b20616e642c20696620706f737369626c652c207468656972206f776e20696e636f6d652e0d0ae280a220496d706c656d656e7420706f6c6963696573206f6620726174696f6e616c697a6174696f6e2c206d6f6465726e697a6174696f6e2c20636f6e76657273696f6e20616e64207374616e64617264697a6174696f6e206f66206d61696e74656e616e6365206f6620757262616e20677265656e207370616365732e0d0ae280a220416461707420746865206d616e6167656d656e7420616e64206d61696e74656e616e6365206f6620757262616e20677265656e20617265617320746f207375737461696e61626c6520646576656c6f706d656e742063726974657269612e0d0ae280a2204f627461696e20616e206964656e7469747920666f7220697473656c6620486f73706974616c6574206c616e6473636170652e0d0ae280a22050726f6d6f74652061776172656e65737320616e6420757365206f6620677265656e20737570706c7920746865206d756e69636970616c6974792e0d0ae280a220496e63726561736520746865206163726573206f6620757262616e207061726b6c616e642e, '', 0x4c27486f73706974616c6574204369747920436f756e63696c, '', 0x4d6174c3a872696120566572646120534c2c204d617274c3ad20426f6164612c2067656f677261706865722c204a6f616e205269657261646576616c6c2c206368656d6963616c20442e53632e, '', '', ''), ('3', 'miguel_servet', '1', 'thumbnail.jpg', 0x323030372d5061727175655f4d696775656c5f5365727665745f312e6a70672c323030372d5061727175655f4d696775656c5f5365727665745f322e6a70672c323030372d5061727175655f4d696775656c5f5365727665745f332e6a70672c323030372d5061727175655f4d696775656c5f5365727665745f342e6a70672c323030372d5061727175655f4d696775656c5f5365727665745f352e6a70672c323030372d5061727175655f4d696775656c5f5365727665745f362e6a70672c61733034332e6a70672c61733034342e6a70672c6573712e312e63697263756c6163696f6e2e6a70672c6573712e312e6472656e616a65732e6a70672c6573712e312e706176696d656e746f2e6a70672c6573712e312e75736f732e6a70672c6573712e312e7a6f6e61732e6a70672c6573712e322e636f6e746578746f2e6a7067, '2007', '7 Ha', '9 millones €', '', '1', '', 'PLAN DIRECTOR DEL PARQUE MIGUEL SERVET', 'Huesca', 0x456c20706172717565206465204d696775656c205365727665742073652068612069646f20666f726d616c697a616e646f20612074726176c3a973206465206c6f732061c3b16f73206120706172746972206465206469666572656e74657320616374756163696f6e65732c20717565206c656a6f732064652064617220756e6964616420616c20636f6e6a756e746f2073652068616e2065737461626c656369646f206361646120756e6120646520656c6c617320706f7220736570617261646f20636f6e20696e74656e6369c3b36e20646520636f6e666f726d617220756e20706172717565206e7565766f2064656e74726f2064656c20706172717565206f726967696e616c2e20457320706f722065736f20717565206e7565737472612070726f70756573746120636f6e74656d706c6120636f6d6f207072696e636970696f2062c3a17369636f20656c206465206964656e7469666963617220746f646173206c6173207061727465732064656c206c756761722070617261206173c3ad20706f64657220646f74617220616c20706172717565206465206469666572656e7465732075736f7320646573646520756e6120706572737065637469766120676c6f62616c2e, 0x584949205052454d494f204e4143494f4e414c204445204c412041534f4349414349c3934e2045535041c3914f4c4120444520504152515545532059204a415244494e45532050c39a424c49434f53, 0x4179756e74616d69656e746f20646520487565736361, 0x4d6174c3a87269612056657264612c20534c, '', '', '', '', 'PLA DIRECTOR DEL PARC MIQUEL SERVET', 'Osca', 0x456c2070617263204d697175656c205365727665742073e28099686120616e617420666f726d616c69747a616e7420656e20656c2074656d7073206120706172746972206465206469666572656e747320616374756163696f6e73207175652c206c6c756e7920646520646f6e61722064e28099756e6974617420616c20636f6e6a756e742c2073e2809968616e2065737461626c657274206361646120756e612064e28099656c6c657320706572207365706172617420616d62206c6120696e74656e6369c3b320646520636f6e666f726d617220756e206e6f7520706172632064696e7320656c2070617263206f726967696e616c2e20c389732070657220616978c3b220717565206c61206e6f737472612070726f706f73746120636f6e74656d706c6120636f6d2061207072696e636970692062c3a073696320656c2064e280996964656e7469666963617220746f746573206c65732070617274732064656c206c6c6f632070657220706f64657220646f74617220616c2070617263206465206469666572656e74732075736f73206465732064e28099756e6120706572737065637469766120676c6f62616c2e, 0x584949205052454d49204e4143494f4e414c204445204c412041534f4349414349c39320455350414e594f4c412044452050415243532049204a415244494e532050c39a424c494353, 0x4179756e74616d69656e746f20646520487565736361, 0x4d6174c3a87269612056657264612c20534c, '', '', '', '', 'MASTER PLAN FOR THE PARC MIGUEL SERVET', 'Huesca', 0x4d696775656c2053657276657420506172632020686173206265656e20666f726d616c697a6564207468726f75676820746865207965617273207468726f75676820646966666572656e7420706572666f726d616e6365732e204661722066726f6d20676976696e67207468652077686f6c6520756e697420686173206265656e2065737461626c69736865642065616368206f66207468656d2073657061726174656c7920776974682074686520696e74656e74696f6e206f6620666f726d696e672061206e6577207061726b2077697468696e20746865206f726967696e616c207061726b2e205468617420697320776879206f75722070726f706f73616c2070726f766964657320746865206261736963207072696e6369706c65206f66206964656e74696679696e6720616c6c20746865207061727473206f6620746865207369746520696e206f7264657220746f2070726f7669646520746865207061726b206f6620646966666572656e7420757365732066726f6d206120676c6f62616c2070657273706563746976652e20446566696e656420617320746865206669727374206f726967696e616c2073747275637475726520746f206d61696e7461696e2c20726573746f726520616e642070726f706f7365206d6f7265206661722d7265616368696e6720616374696f6e7320696e2074686520737572726f756e64696e6720617265617320776869636820636f72726573706f6e6420746f20626f746820736964657320746865206e6f72746820616e6420736f757468207061727473206f6620746865207061726b2e20496e20746865206e6f72746865726e20736563746f722c20616e64207265706c6163696e672077686174206973206e6f7720616e20616d616c67616d206f6620646966666572656e74206465746572696f726174656420656c656d656e74732c207468652070726f706f73616c20697320746f2072656d6f64656c20746865206c616e647363617065206f662070696e65207472656573207468726f75676820756e696669636174696f6e2c20636f6e736f6c69646174696f6e206f662074726565207370656369657320616e6420756e64657273746f727920666f7220636f6d70726568656e736976652074726561746d656e7420746f2070726f76696465206120737061636520666f722077616c6b696e672d6265696e6720616e64206c6976696e6720756e69742e20496e2074686520736f7574682c20686f77657665722c20746865206d61696e2061726561206f66206163746976697469657320697320666f637573656420207769746820666169727320616e642073706f7274696e67207573657320746f676865746865722077697468206120206e657720616e642072656c6f6361746564205061726b204261722e, 0x584949204e4154494f4e414c204157415244204f4620544845205350414e495348204153534f43494154494f4e204f46205055424c4943205041524b5320414e442047415244454e53, 0x436974792048616c6c206f6620487565736361, 0x4d6174c3a87269612056657264612c20534c, '', '', '', ''), ('4', 'prat_nord', '1', 'thumbnail.jpg', 0x312e6a70672c322e6a70672c332e6a70672c342e6a70672c352e6a70672c362e6a70672c372e6a70672c382e6a7067, '2008', '160 Ha', '', '', '1', '', 'PRAT NORD - CONCURSO RESTRINGIDO', 'El Prat de Llobregat', 0x556e20656e73616e63686520656e20656c2044656c74612064656c204c6c6f6272656761742e20556e20656e73616e636865206269736167726120656e74726520656c20706172717565206167726172696f2079206c61206369756461642061637475616c3b20756e206d6f64656c6f207175652073616c65206465206c6120636f6d706c656a696461642064656c2070616973616a652064656c2044656c74612064656c204c6c6f6272656761742c20646f6e646520636f6e666c7579656e20636f6e74696e756964616420757262616e612c207265656e6375656e74726f2064652065737472756374757261732061677261726961732c20666c65786962696c6964616420792061646170746162696c69646164206465206c61207472616d6120757262616e612c207375706572706f73696369c3b36e2064652075736f732c206dc3a178696d612061636365736962696c696461642c20736f7374656e6962696c6964616420616d6269656e74616c20792020636f6d706c657869c3b36e20757262616e612e, 0x4d454e43494f4e20444520484f4e4f5220504f52204c412050524f5055455354412050414953414a495354494341, 0x4179756e74616d69656e746f20646520456c2050726174206465204c6c6f627265676174206520494e4341534f4c, 0x482b4e2b53204c616e64736368617073617263686974656374656e0d0a4a61756d65204172746967756573202d204a6f7264692048656e726963682c206172717569746563746f730d0a414155502c204a6f72646920526f6d65726f20692041736f636961646f730d0a54616c6c657220646520496e67656e696572c3ad6120416d6269656e74616c2c20534c2e, '', '', '', '', 'PRAT NORD - CONCURS RESTRINGIT', 'El Prat de Llobregat', 0x556e20656978616d706c6520616c2044656c74612064656c204c6c6f62726567617420556e20656978616d706c652066726f6e746973736120656e74726520656c2070617263206167726172692069206c61206369757461742061637475616c2e20556e206d6f64656c207175652073757274206465206c6120636f6d706c6578697461742064656c2070616973617467652064656c2044656c74612064656c204c6c6f6272656761742c206f6e20636f6e666c75656978656e20636f6e74696e75c3af74617420757262616e612c20726574726f62616d656e742064e28099657374727563747572657320616772c3a0726965732c20666c65786962696c6974617420692061646170746162696c69746174206465206c61207472616d6120757262616e612c207375706572706f73696369c3b32064e2809975736f732c206dc3a078696d61206163636573736962696c697461742c20736f7374656e6962696c6974617420616d6269656e74616c206920636f6d706c657869c3b320757262616e612e20556e61206573747275637475726120757262616e6120616d6220756e6120646f626c65206d61747269752e, 0x4d454e4349c3932044e28099484f4e4f5220504552204c412050524f504f5354412050414953415447c38d5354494341, 0x416a756e74616d656e7420646520456c2050726174206465204c6c6f627265676174206920494e4341534f4c, 0x482b4e2b53204c616e64736368617073617263686974656374656e0d0a4a61756d65204172746967756573202d204a6f7264692048656e726963682c2061727175697465637465730d0a414155502c204a6f72646920526f6d65726f2069204173736f63696174730d0a54616c6c657220646520496e67656e696572696120416d6269656e74616c2c20534c, '', '', '', '', 'PRAT NORD - RESTRICTED COMPETITION', 'El Prat de Llobregat', 0x4120757262616e206772696420696e207468652044656c7461206f6620746865204c6c6f6272656761742072697665722e204120757262616e20677269642068696e6765206265747765656e207468652061677261726963207061726b2020616e64207468652061637475616c20636974792c2061206d6f64656c207468617420636f6d65732066726f6d2074686520636f6d706c6578697479206f6620746865206c616e647363617065206f66207468652044656c7461206f6620746865204c6c6f6272656761742c2061742074686520636f6e666c75656e6365206f6620757262616e20636f6e74696e756974792c207265756e696f6e206f66206167726963756c747572616c20737472756374757265732c20666c65786962696c69747920616e642061646170746162696c697479206f662074686520757262616e206661627269632c206f7665726c617070696e6720757365732c206d6178696d617a696e67206163636573736962696c697479202c20656e7669726f6e6d656e74616c207375737461696e6162696c69747920616e6420757262616e20636f6d706c6578696f6e2e20416e20757262616e207374727563747572652077697468206120646f75626c652061727261792e, 0x484f4e4f5241424c45204d454e54494f4e20464f52204c414e4453434150452050524f504f53414c, 0x436974792068616c6c206f6620456c2050726174206465204c6c6f627265676174202620494e4341534f4c, 0x482b4e2b53204c616e64736368617073617263686974656374656e0d0a4a61756d652041727469677565732026204a6f7264692048656e726963682c20617263686974656374730d0a414155502c204a6f72646920526f6d65726f202620506172746e6572730d0a54616c6c657220646520496e67656e696572c3ad6120416d6269656e74616c2c20534c, '', '', '', ''), ('5', 'gava', '1', 'thumbnail.jpg', 0x313939302d313939332d476176615f312e6a70672c313939302d313939332d476176615f31612e6a70672c313939302d313939332d476176615f332e6a70672c32345f3530385f332e6a70672c32345f3530395f332e6a70672c32345f3530395f342e6a70672c32345f3531305f312e6a70672c32345f3531305f322e6a70672c3234373343415f312e6a70672c3234373443415f312e6a70672c3234463243415f312e6a70672c3234463443415f312e6a70672c646961706f3033332e6a70672c46494c45303030372e6a70672c494d47303034302e6a70672c53534c32393732352e4a50472c53534c32393732372e4a50472c53534c32393732382e4a50472c53534c32393732392e4a50472c53534c32393733322e4a50472c53534c32393733332e4a50472c53534c32393733342e4a5047, '1993', '2,5 Ha', '', '', '3', '', 'PASEO MARITIMO DE GAVA-MARINAS', 'Gavá', 0x456c20506173656f204d6172c3ad74696d6f20646520476176c3a1202073652068616c6c61207369747561646f20656e206c61207a6f6e61206dc3a173206f63636964656e74616c2064656c2044656c74612064656c204c6c6f6272656761742c20205365207472617461626120646520756e206573706163696f20636f6e20756e20657370656369616c20696e746572c3a9732070616973616ac3ad737469636f2c20756e6f206465206c6f7320c3ba6c74696d6f73207265647563746f732064652065636f73697374656d612064756e61722c2064656c206375616c20656c2070726f796563746f20646520706173656f206d6172c3ad74696d6f2073652070726f7075736f20617365677572617220737520706572766976656e6369612e, 0x31393933205052454d494f20464144204553504143494f53204558544552494f5245530d0a313939352046494e414c4953544120454e204c4120494949204249454e414c204445204152515549544543545552412045535041c3914f4c41, 0x4179756e74616d69656e746f20646520476176c3a00d0a5665727469782c205341, '', 0x4a6f736570204c617363757261696e2c206269c3b36c6f676f0d0a4665726e616e646f2043617374696c6c6f2c206172717569746563746f2074c3a9636e69636f0d0a4665726e616e646f2042656e65646963746f2c206172717569746563746f2074c3a9636e69636f, '', 0x5441552d4943455341, '', 'PASSEIG MARÍTIM DE GAVÀ- MARINES', 'Gavà', 0x456c2050617373656967204d6172c3ad74696d20646520476176c3a020657374c3a0207369747561742061206c61207a6f6e61206dc3a973206f63636964656e74616c2064656c2044656c74612064656c204c6c6f6272656761742e0d0a45726120756e206573706169206427756e20657370656369616c20696e746572c3a8732070616973617467c3ad737469632c20756e2064656c7320646172726572732072656475637465732064e2809965636f73697374656d65732064756e6172732064656c2044656c74612064656c204c6c6f6272656761742c2064656c2071756520656c2070726f6a656374652064652070617373656967206d6172c3ad74696d2065732070726f706f73c3a0206173736567757261722d6e65206c61207365766120706572766976c3a86e6369612e, 0x31393933205052454d492046414420455350414953204558544552494f52530d0a313939352046494e414c495354412041204c4120494949204249454e4e414c202044e2809941525155495445435455524120455350414e594f4c41, 0x416a756e74616d656e7420646520476176c3a00d0a56657274697820532e412e, '', 0x4a6f736570204c617363757261696e2c204269c3b26c65670d0a4665726e616e646f2043617374696c6c6f2c206172717569746563746f2074c3a8636e69630d0a4665726e616e646f2042656e65646963746f2c206172717569746563746f2074c3a8636e6963, '', 0x5441552d4943455341, '', 'WATERFRONT PROMENADE OF GAVA-MARINAS', 'Gavà', 0x54686520776174657266726f6e742070726f6d656e616465206f6620476176c3a0206973206c6f6361746564206f6e20746865207765737465726e6d6f73742070617274206f66207468652044656c7461206f6620746865204c6c6f6272656761742052697665722e0d0a49742077617320616e206172656120776974682061207370656369616c206c616e64736361706520696e7465726573742c206f6e65206f6620746865206c617374207374726f6e67686f6c6473206f66207468652064756e652065636f73797374656d2c207265616c697479207468617420776173202070726f706f73656420746f20626520656e737572656420696e20746869732070726f6a656374202e200d0a5468652070726f6a6563742077617320647261776e2075702072657370656374696e6720616e6420656e68616e63696e6720746865206e61747572616c20656c656d656e74732c20776869636820706c617965642061206372756369616c20726f6c6520696e2064657369676e696e6720746865206e6577206c696e65732e205468652061696d2077617320746f206d61696e7461696e2074686520656e7669726f6e6d656e74616c20636861726163746572697374696373206f66207468652064756e652073797374656d732e, 0x313939332046414420415741524420464f52204c414e4453434150452044455349474e0d0a313939352046494e414c49535420494e20544845205350414e49534820415243484954454354555245204249454e4e49414c20494949, 0x43697479206f6620476176610d0a566572746978205341, '', 0x4a6f736570204c617363757261696e2c2062696f6c6f676973740d0a4665726e616e646f2043617374696c6c6f2c20546563686e6963616c204172636869746563740d0a4665726e616e646f2042656e65646963746f2c20546563686e6963616c20417263686974656374, '', 0x5441552d4943455341, ''), ('6', 'corredor_verd', '1', 'thumbnail.jpg', 0x312e6a70672c322e6a70672c332e6a70672c342e6a70672c352e6a70672c362e6a70672c372e6a70672c382e6a70672c392e6a7067, '2009', '139 Ha', '', '', '3', '', 'CORREDOR VERDE DE CERDANYOLA - CONCURSO RESTRINGIDO', 'Cerdanyola del Vallés', 0x4c61207472616e73666f726d616369c3b36e207465727269746f7269616c2064656c2056616c6cc3a97320656e747265206c6f7320c3ba6c74696d6f732063696e6375656e74612061c3b16f73206861207369646f20656e6f726d652e204c61207472616d612070616973616ac3ad73746963612071756520686120696d70657261646f20647572616e7465207369676c6f732073652068612068756e6469646f2e20536f6272616e20636f617274616461732070617261206e6f20636f73657220657374652074656a69646f2074616e206d616c7472617461646f2e2054616d6269c3a96e206d6f7469766163696f6e6573207061726120696e74656e7461726c6f2e2053696e207065726465722064652076697374612c2073696e20656d626172676f2c20717565206c617320616374756163696f6e657320646520737574757261207469656e656e2071756520686162657220656e74656e6469646f206c61206cc3b367696361206d617472696369616c20612072657363617461722079207469656e656e207175652073657220636f6d70617469626c657320636f6e206f7472617320616363696f6e6573207265616c6d656e74652061626f726461626c657320656e20656c2066757475726f2e20456c20636f727265646f722064656c2043656e74726f20446972656363696f6e616c2064656c2056616c6cc3a973207469656e65207175652074656e65722073656e7469646f20656e2073c3ad206d69736d6f2079207469656e6520717565206861636572206465207075656e746520656e747265206f72696c6c617320766572646164657261732e20456e20656c206573706163696f207920656e20656c207469656d706f2e, 0x4d454e43494f4e20504f52204c412050524f5055455354412044454c205041534f204445204641554e4120592042414c534153204445204c414d494e4143494f4e, 0x436f6e736f7263696f20557262616ec3ad737469636f2064656c2043656e74726f20446972656363696f6e616c206465204365726461c3b16f6c612064656c2056616c6cc3a973, 0x455246204573747564692052616d6f6e20466f6c63682c206765737469c3b3206920636f6d756e6963616369c3b320616d6269656e74616c0d0a5a45544120494e47454e4945524f532c20696e67656e6965726f732063616c63756c69737461732064652065737472756374757261730d0a526f7365722056697665732c20696e67656e6965726120616772c3b36e6f6d61, '', '', '', '', 'CORREDOR VERD A CERDANYOLA - CONCURS RESTRINGIT', 'Cerdanyola del Vallès', 0x4c61207472616e73666f726d616369c3b3207465727269746f7269616c2064656c2056616c6cc3a87320656e7320656c7320646172726572732063696e7175616e746120616e797320686120657374617420656e6f726d652e204c61207472616d612070616973617467c3ad73746963612071756520686920686120696d706572617420647572616e74207365676c65732073e280996861206573666f6e647261742e20536f6272656e20636f61727461646573207065722061206e6f20636f73697220617175657374207465697869742074616e206d616c747261637461742e2054616d62c3a9206d6f7469766163696f6e7320706572206120696e74656e7461722d686f2e2053656e7365207065726472652064652076697374612c20706572c3b22c20717565206c657320616374756163696f6e73206465207375747572612068616e2064e28099686176657220656e74c3a873206c61206cc3b267696361206d617472696369616c206120726573636174617220692068616e2064652073657220636f6d70617469626c657320616d6220616c7472657320616363696f6e73207265616c6d656e742061626f726461626c657320656e20656c2066757475722e20456c20636f727265646f722064656c2043656e74726520446972656363696f6e616c2064656c2056616c6cc3a8732068612064652074656e69722073656e74697420656e20656c6c206d617465697820692068612064652066657220646520706f6e7420656e74726520726962657320766572697461626c65732e20456e206ce280996573706169206920656e20656c2074656d70732e, 0x4d454e4349c39320504552204c412050524f504f5354412044454c20504153204445204641554e412069204445204c455320424153534553204445204c414d494e414349c393, 0x436f6e736f72636920557262616ec3ad737469632064656c2043656e74726520446972656363696f6e616c2064652043657264616e796f6c612064656c2056616c6cc3a873, 0x455246204573747564692052616d6f6e20466f6c63682c206765737469c3b3206920636f6d756e6963616369c3b320616d6269656e74616c0d0a5a45544120494e47454e4945524f532c20656e67696e796572732063616c63756c69737465732064e280996573747275637475726573200d0a526f736572205669766573202c20656e67696e7965726120616772c3b26e6f6d61, '', '', '', '', 'GREEN CORRIDOR RESTRICTED COMPETITION ', 'MENTION WITH THE PROPOSAL BY THE ECODUCT AND LAMINATING PONDS', 0x56616c6cc3a973207465727269746f7269616c207472616e73666f726d6174696f6e20616d6f6e6720746865206c61737420666966747920796561727320686173206265656e20656e6f726d6f75732e20546865206c616e647363617065207061747465726e207468617420686173207072657661696c656420666f722063656e7475726965732068617320636f6c6c61707365642e2054686572652061726520736f206d616e79206f70706f7274756e697469657320666f7220736577696e672074686973206c616e64736361706520736f206d6973747265617465642e20416c736f20726561736f6e7320746f207472792e20576974686f7574206c6f73696e672073696768742c20686f77657665722c20746861742074686520616374696f6e73206f6620737574757265206d757374206861766520756e64657273746f6f6420746865206c6f67696320617272617920746f207468652072657363756520616e64206d75737420626520636f6e73697374656e742077697468206f7468657220616374696f6e73206166666f726461626c6520696e20746865206675747572652e2054686520477265656e20636f727269646f73206f66207468652056616c6cc3a87320446972656374696f6e616c2043656e7472652068617320746f206d616b652073656e736520696e20697473656c6620616e642068617320746f206d616b65206120627269646765206265747765656e207265616c2062616e6b732e20496e20737061636520616e642074696d652e205468657265666f72652c20776520696e74656e6420746f2061646472657373207468652064657369676e206163636f7264696e6720746f20616e20656e63617073756c6174696f6e206f66207068696c6f736f70686965732c2064656c697665727920616e6420706572666f726d616e6365207363616c657320617070726f70726961746520746f206561636820636173652e205068696c6f736f706879206f6620616374696f6e3a2e202e50726576656e742067656e657469632069736f6c6174696f6e206f6620706f70756c6174696f6e7320616e642053797374656d20436f6c6c7365726f6c6120436f617374616c20706f70756c6174696f6e7320746f2053616e74204c6c6f72656ec3a7206465204d756e7420616e64205072656c69746f72616c2053797374656d2e2054686973206973206e6f74206f6e6c79206661696c696e6720746f20656e73757265207468652074726166666963206f66206c617267652076657274656272617465732c206275742067656e6520666c6f772066726f6d20616c6c20737065636965732e, 0x4d454e54494f4e2057495448205448452050524f504f53414c204259205448452045434f4455435420414e44204c414d494e4154494e4720504f4e4453, 0x557262616e697374696320436f6e736f727469756d20446972656374696f6e616c2043656e747265206f662043657264616e796f6c612064656c2056616c6cc3a873, 0x455246204573747564692052616d6f6e20466f6c63682c206d616e6167656d656e7420616e6420656e7669726f6e6d656e74616c20636f6d6d756e69636174696f6e0d0a5a45544120494e47454e4945524f532c207374727563747572616c20656e67696e656572732063616c63756c61746f72730d0a526f7365722056697665732c206167726f6e6f6d697374, '', '', '', ''), ('7', 'angel_guimera', '1', 'thumbnail.jpg', 0x313134335f305f312e6a70672c313134335f305f322e6a70672c313134335f305f332e6a70672c313134345f305f312e6a70672c313134345f305f322e6a70672c313134345f305f342e6a70672c3131374639345f312e6a70672c313939382d416e67656c5f4775696d6572615f312e6a70672c313939382d416e67656c5f4775696d6572615f31612e6a70672c444554414c4c2e6a7067, '1999', '2312 m2', '246.400 €', '', '2', 'Lourdes Jansana', 'JARDINES DE ÀNGEL GUIMERÀ', 'Barcelona', 0x5365207472617461626120646520756e6f73206a617264696e6573207072697661646f73206162616e646f6e61646f73207369747561646f7320656e20656c20696e746572696f7220646520756e20706174696f206465206d616e7a616e612064656c20636173636f207669656a6f20646520456c2050726174206465204c6c6f627265676174207920646520756e20736f6c617220766163c3ad6f20612074726176c3a9732064656c206375616c20736520646562c3ad6120616363656465722061206c6f73206d69736d6f732e, 0x46494e414c49535441205052454d494f53204641442041c3914f2032303030204553504143494f53204558544552494f5245530d0a53656c656363696f6e6164612070617261206c612031c2aa204269656e616c2064656c2070616973616a652064652042617263656c6f6e612031393939, 0x4179756e74616d69656e746f20646520456c2050726174206465204c6c6f627265676174, '', 0x4665726e616e646f2042656e65646963746f2c206172717569746563746f2074c3a9636e69636f0d0a4a6f73c3a9204d616e75656c204172656e616c65732c206172717569746563746f2074c3a9636e69636f0d0a4a6f7365702053656c67612c206269c3b36c6f676f0d0a506175204573746562616e2c206269c3b36c6f676f0d0a526f626572742064652050616175772c20657374756469616e7465206465206172717569746563747572610d0a53616e647261204c6c6f7665742c20657374756469616e7465206465206172717569746563747572610d0a536572766963696f20646520557262616e69736d6f2064656c204179756e74616d69656e746f20646520456c2050726174206465204c6c6f627265676174, '', 0x534550495341, '', 'JARDINS D’ÀNGEL GUIMERÀ', 'Barcelona', 0x4573207472616374617661206427756e73206a617264696e732070726976617473206162616e646f6e61747320736974756174732061206c27696e746572696f72206427756e2070617469206427696c6c612064656c206361736320616e7469632064656c2050726174206465204c6c6f6272656761742069206427756e20736f6c6172206275697420612074726176c3a9732064656c207175616c2073e2809968617669612064e2809961636365646972206120617175657374732ee280a8e280a84427756e612062616e64612074656ec3ad656d20656c7320616e74696373206a617264696e7320616d6220756e61207665676574616369c3b3206d6f6c742066726f6e646f736120666f726d6164612070657220657370c3a863696573206465206672756974657273206465207072756e75732c2066696775657265732c206c6c6f726572732c206163c3a063696573206920616d6220617262726573206427657370656369616c20696e746572c3a87320706572206c612073657661206d696461206920706f727420636f6d206572656e20756e6573207175616e7465732070616c6d657265732063616e617269656e7369732e20546f7420656c2073c3b26c2065732074726f6261766120656e74617069737361742064e280996163616e7473206920656e66696c616469737365732e0d0ae280a8417175657374206a617264c3ad206861766961206573746174206162616e646f6e617420647572616e7420756e7320323020616e79732069206861766961206172726962617420612065737461626c697220756e2065636f73697374656d612070726f706920717565206c69207065726d6574696120756e612076696461207665676574617469766120617574c3b26e6f6d612e20457320706f64696120636f6e736964657261722071756520656e732074726f62c3a076656d20646176616e74206427756e2068c3a06269746174206162736f6c7574616d656e74206164617074617420616c20636c696d61206d65646974657272616e692064656c20507261742e, 0x46494e414c49535441205052454d49532046414420414e59203230303020455350414953204558544552494f52530d0a53656c656363696f6e6174207065722061206c612031c2aa204269656e616c2064656c2070616973617467652064652042617263656c6f6e612031393939, 0x416a756e74616d656e742064656c2050726174206465204c6c6f627265676174, '', 0x4665726e616e646f2042656e65646963746f2c20617271756974656374652074c3a8636e69630d0a4a6f73c3a9204d616e75656c204172656e616c65732c20617271756974656374652074c3a8636e69630d0a4a6f7365702053656c67612c206269c3b26c6567090d0a506175204573746562616e2c206269c3b26c65670d0a526f626572742064652050616175772c20657374756469616e742064e280996172717569746563747572610d0a53616e647261204c6c6f7665742c20657374756469616e74652064e280996172717569746563747572610d0a5365727665692064e28099557262616e69736d65206465206ce28099416a756e74616d656e742064656c2050726174206465204c6c6f627265676174, '', 0x534550495341, '', '', '', '', '', '', '', '', '', '', ''), ('8', 'rodrigo_caro', '1', 'thumbnail.jpg', 0x5f4e3758353736382b36392e6a70672c5f4e3758353739382b39392e6a70672c5f4e3758353831302b31312e6a70672c5f4e3758353930312b30322d76312e6a70672c5f4e3758353932322b32332e6a70672c5f4e3758363333352b33362e6a70672c5f4e3758363333392b34302e6a70672c5f4e3758363337352b37362e6a70672c5f4e3758363431352b31362e6a70672c5f4e3758363431352b3136612e6a70672c5f4e3758363432392b33302e6a70672c5f4e3758363433362b33372e6a70672c6573712e312e7a6f6e61732e6a70672c5f4e3758363433382e6a70672c5f4e3758363434372b34382e6a70672c5f4e3758363435352b35362e6a70672c312e736974756163696f2e6a70672c322e706c616e7465732e6a70672c323030352d323030362d6a617264696e735f20726f647269676f5f6361726f5f322e6a70672c323030352d323030362d6a617264696e735f726f647269676f5f6361726f5f312e6a70672c4469627569785f322e6a70672c6573626f732e6a70672c67656e6572616c5f2d5f20666f746f5f726f626572745f64655f70616175772e6a70672c6a6f63735f696e66616e74696c735f2d5f726f626572745f64655f70616175772e6a7067, '2007', '5.250 m2', '850.000 €', '', '2', '', 'JARDINES RODRIGO CARO', 'Barcelona', 0x456c20656d706c617a616d69656e746f206465206c6f73206a617264696e657320657320656c20736f6c617220726573756c74616e74652064656c20616c617267616d69656e746f206465206c612063616c6c6520526f647269676f204361726f2c20616e7465732073696e2073616c696461207920686f7920636f6e65637461646f20656e206c612063616c6c65204172746573616ec3ad612e2044652065737461206d616e65726120736520637265c3b320756e206573706163696f20766572646520636f6e20756e6120746f706f67726166c3ad612062617374616e74652070726f6e756e63696164612c20636f6e203231206d6574726f73206465206465736e6976656c2072657061727469646f7320656e20616c67756e617320706c617461666f726d61732070726f6261626c656d656e746520686572656461646173206465206c6120636f6e73747275636369c3b36e2064656c206e7565766f207472616d6f2064652063616c6c65207920717565206f726967696e617269616d656e7465207365207574696c697a6162616e20756e617320636f6d6f206170617263616d69656e746f2079206f7472617320636f6d6f2068756572746f7320706f72207061727465206465206c6f7320766563696e6f732e, '', 0x50524f4e4f42412c53410d0a4179756e74616d69656e746f2064652042617263656c6f6e6120e2809d506c6120646520426172726973e2809d, '', 0x4a6f7264692046c3a06272656761732c206d61657374726f206a617264696e65726f0d0a4a6f7365702053656c67612c206269c3b36c6f676f0d0a4361726f6c696e612053656e6472612c20656e67656e696572612074c3a9636e69636120616772c3ad636f6c610d0a54616c6c657220646520496e67656e696572696120416d6269656e74616c2c20534c0d0a4665726e616e646f2042656e65646963746f2c206172717569746563746f2074c3a9636e69636f, '', '', '', 'JARDINS RODRIGO CARO', 'Barcelona', 0x4ce28099656d706c61c3a7616d656e742064656c73206a617264696e7320c3a97320656c20736f6c617220726573756c74616e74206465206ce28099616c6c617267616d656e742064656c2063617272657220526f647269676f204361726f2c206162616e732073656e736520736f72746964612069206176756920636f6e6e656374617420616c20636172726572204172746573616e69612e2044e2809961717565737461206d616e65726120657320637265c3a020756e206573706169207665726420616d6220756e6120746f706f67726166696120666f72c3a7612070726f6e756e63696164612c20616d62203231206d6574726573206465206465736e6976656c6c202072657061727469747320656e20616c67756e657320706c617461666f726d65732070726f6261626c656d656e7420686572657461646573206465206c6120636f6e73747275636369c3b32064656c206e6f75207472616d20646520636172726572206920717565206f726967696ec3a07269616d656e7420657320666569656e2073657276697220756e657320636f6d2061206170617263616d656e74206920616c7472657320636f6d206120686f7274732070657220706172742064656c73207665c3af6e732e, '', 0x50524f4e4f42412c53413b20416a756e74616d656e742064652042617263656c6f6e6120e2809d506c6120646520426172726973e2809d, '', 0x4a6f7264692046c3a06272656761732c6d6573747265206a617264696e65720d0a4a6f7365702053656c67612c206269c3b26c65670d0a4361726f6c696e612053656e6472612c20656e67696e796572612074c3a8636e69636120616772c3ad636f6c61200d0a54616c6c657220646520496e67656e696572696120416d6269656e74616c2c20534c0d0a4665726e616e646f2042656e65646963746f2c206172717569746563746f2074c3a9636e69636f, '', 0x434553504120464552524f5649414c, '', '', '', '', '', '', '', '', '', '', ''), ('9', 'la_clota', '1', 'thumbnail.jpg', 0x312e6a70672c322e6a70672c332e6a70672c342e6a70672c352e6a70672c362e6a70672c372e6a70672c392e6a70672c31302e6a70672c31312e6a70672c31322e6a70672c31332e6a70672c31342e6a70672c31352e6a70672c31362e6a70672c31372e6a70672c43494d47383438352e4a50472c43494d47383438382e4a50472c43494d47383439322e4a50472c496d6167656e3039372e6a70672c494d475f333734352e6a70672c53534c32333332312e4a50472c53534c32333535392e4a50472c53534c32343632302e4a50472c53534c32343632312e4a5047, '2009', '4.5 Ha', '933.700 €', '', '2', '', 'PARQUE DE LA CLOTA', 'Sabadell', 0x456c20706172717565206465206c6120436c6f7461206f6375706120756e20616e746967756f206d65616e64726f2064656c2072c3ad6f205269706f6c6c2c206a756e746f20616c2062617272696f2064652043616e205075696767656e65722e2053752075736f206dc3a1732072656369656e746520657374c3a12061736f636961646f20616c207665727469646f20696e6469736372696d696e61646f20646520746965727261732c207065726f20616e746572696f726d656e746520616c62657267c3b320756e61207365726965206465206173656e74616d69656e746f73206573706f6e74c3a16e656f7320656e20666f726d6120646520626172726163617320706f7220206c61206e656365736964616420646520616c6f6a616d69656e746f2070617261206c6f7320696e6d696772616e7465732064656269646f2061206c61206372656369656e746520696e64757374726961206c6f63616c20656e206c6f732061c3b16f732035302c2071756520667565726f6e2064657272696261646f73206dc3a1732074617264652e204c6f7320726573746f73206465206573746f73206573636f6d62726f7320667565726f6e206c6120626173652064656c2076657274656465726f20646573636f6e74726f6c61646f20717565206e6f7320656e636f6e7472616d6f732070726576696f2061206c61206f6272612e, 0x53454c454343494f4e205052454d494f5320464144204553504143494f53204558544552494f5245532032303130, 0x56494d5553410d0a4c65692064652062617272696f73202d204179756e74616d69656e746f206465205361626164656c6c, '', 0x42656e65646963746f204765737469c3b32064652050726f6a65637465730d0a534c502042c3a0726261726120506c61204f7274697a2c20696e67656e69657261202074c3a9636e69636120616772c3ad636f6c6120792070616973616a69737461, '', 0x4a617264c3ad204e61747572612c20534c, '', 'PARC DE LA CLOTA', 'Sabadell', 0x456c2070617263206465206c6120436c6f7461206f6375706120756e20616e746963206d65616e6472652064656c20726975205269706f6c6c2c20616c20636f737461742064656c2062617272692064652043616e205075696767656e65722e20456c2073657520c3ba73206dc3a97320726563656e7420657374c3a0206173736f636961742061206ce2809961626f63616d656e7420696e6469736372696d696e6174206465207465727265732c20706572c3b220616e746572696f726d656e7420766120616c62657267617220756e612073c3a87269652064e28099617373656e74616d656e7473206573706f6e74616e697320656e20666f726d612064652062617272617175657320706572206c61206e6563657373697461742064e28099616c6c6f746a616d656e742070657220696d6d696772616e74732064656775742061206c61206372656978656e7420696e64757374726961206c6f63616c20616c7320616e79732035302c2071756520666f72656e20656e646572726f63617473206dc3a97320746172642e204c6573207265737465732064e280996171756573747320656e646572726f637320766172656e20736572206c612062617365206465206ce2809961626f6361646f7220646573636f6e74726f6c6174207175652074726f62c3a072656d206162616e73206465206ce280996f6272612e, 0x53454c454343494f4e4154205052454d49532046414420455350414953204558544552494f52532032303130, 0x56494d5553412c204c6c656920646520626172726973202d20416a756e74616d656e74206465205361626164656c6c, '', 0x42656e65646963746f204765737469c3b32064652050726f6a65637465732c20534c50200d0a42c3a0726261726120506c61204f7274697a2c20656e67696e79657261202074c3a8636e69636120616772c3ad636f6c612069207061697361746769737461, '', 0x4a617264c3ad204e61747572612c20534c, '', 'PARK OF LA CLOTA', 'Sabadell', 0x436c6f746120546865207061726b206f6363757069657320616e206f6c64206d65616e646572206f6620746865205269766572205269706f6c6c2c206e65617220746865206469737472696374206f662043616e205075696767656e65722e20497473206d6f737420726563656e7420757365206973206173736f636961746564207769746820696e6469736372696d696e61746520646973706f73616c206f66206c616e642c2062757420696e20746865207061737420686f737465642061206e756d626572206f6620736574746c656d656e74732061732061206261727261636b7320627920746865206e65656420666f7220686f7573696e6720666f7220696d6d696772616e74732064756520746f207468652067726f77696e67206c6f63616c20696e64757374727920696e20746865203530e28099732c2077686963682077657265206c617465722064656d6f6c69736865642e2054686573652020727562626c652072656d61696e73206f7574206f6620636f6e74726f6c2077657265207468652062617365206f6620746865206c616e6466696c6c207468617420776520666f756e642e, 0x4641442050524943452053454c454354494f4e20494e20544845204558544552494f5220535041434553, 0x56494d5553412c204c6c65692064652062617272697320e2809320436974792048616c6c206f66205361626164656c6c, '', 0x42656e65646963746f204765737469c3b32064652050726f6a65637465732c20534c502c20746563686e6963616c20617263686974656374730d0a42c3a0726261726120506c61204f7274697a2c206167726f6e6f6d697374, '', 0x4a41524449204e41545552412c20534c, ''), ('10', 'gran_via', '1', 'thumbnail.jpg', 0x312e6a70672c322e6a70672c332e6a70672c342e6a70672c352e6a70672c362e6a70672c372e6a70672c382e6a70672c392e6a70672c31302e6a70672c31312e6a7067, '2003-2007', '7 Ha', '5,95 millones €', '', '4', '', 'NUEVA GRANVIA DE L’HOSPITALET - URBANIZACIÓN EN SUPERFICIE', 'L’Hospitalet de Llobregat', 0x4c612061637475616369c3b36e20636f6e7369737469c3b320656e2064697365c3b16172207920636f6e737472756972206c61732063616c7a61646173206c61746572616c6573206465206c6f73206c61646f73206d61722079206d6f6e7461c3b1612079206c61732074726573206772616e646573206c6f73617320646520636f6e657869c3b36e20656e747265206c6f7320646f73206c61646f732e20456c20616e63686f20746f74616c206465206c612061637475616369c3b36e2c2063616c7a6164612063656e7472616c2064657072696d6964612c2020696e636c7569646120616c63616e7a61206c6f732039366d2e204c612061637475616369c3b36e207365206261736120656e20656c2070726f796563746f2072656461637461646f20706f72206c6120496e67656e696572c3ad61202043696373612079206c6f73206172717569746563746f7320476f6d657a20207920436f7374612e, 0x5052454d494f20434f4e535452554d415420323030392041204c4120494e4e4f56414349c3934e205445434e4f4cc393474943410d0a494e5354495455544f204445205445434e4f4c4f47c38d41204445204c4120434f4e53545255434349c3934e20444520434154414c55c39141, 0x436f6e736f7263696f2070617261206c61205265666f726d61206465206c61204772616e766961206465206ce28099486f73706974616c6574, '', 0x417564696e672c20496e67656e696572c3ad617320792061756469746f72c3ad6173, 0x457374756469206465207061697361746765204a6f7365702053656c67612e532e4c2e, 0x434f5049534120436f6e7374727563746f726120506972656e616963612c2053410d0a46434320436f6e73747275636369c3b36e2c2053410d0a434f4d415041, '', 'NOVA GRANVIA DE L’HOSPITALET- URBANITZACIÓ A NIVELL CIUTAT', 'L’Hospitalet de Llobregat', 0x4ce280996f626a6563746975206465206ce2809961637475616369c3b320c3a9732072656f7264656e6172206c61207061727420737564206465206ce28099486f73706974616c65742072656375706572616e742d6c6120706572206c61206369757461742e204c61204772616e2056696120c3a97320756e206569782064652063697263756c616369c3b320726f64616461207175652074726176657373612042617263656c6f6e612069206ce28099486f73706974616c65742064e280996573742061206f6573742e20456e20656c207365752070617320706572206ce28099486f73706974616c65742065726120756e61206175746f7669612064652031302063617272696c7320717565207365706172617661206c612070617274206465206d61722c2064e28099656469666963616369c3b320696e647573747269616c206465206c612070617274206465206d756e74616e796120707265666572656e74206d656e74207265736964656e6369616c2e, 0x5052454d4920434f4e535452554d415420323030392041204c4120494e4e4f56414349c393205445434e4f4cc392474943412e0d0a494e535449545554204445205445434e4f4c4f474941204445204c4120434f4e53545255434349c39320444520434154414c554e5941, 0x436f6e736f726369207065722061206c61205265666f726d61206465206c61204772616e766961206465206ce28099486f73706974616c6574, '', 0x417564696e672c20496e67656e696572c3ad617320792061756469746f72c3ad6173, 0x457374756469206465207061697361746765204a6f7365702053656c67612e532e4c2e, 0x434f5049534120436f6e7374727563746f726120506972656e616963612c2053410d0a46434320436f6e73747275636369c3b36e2c2053410d0a434f4d415041, '', '', '', '', '', '', '', '', '', '', ''), ('11', 'verdum', '1', 'thumbnail.jpg', 0x312e6a70672c322e6a70672c332e6a70672c342e6a70672c352e6a70672c362e6a70672c372e6a70672c382e6a70672c392e6a70672c31302e6a70672c31312e6a70672c31322e6a70672c31332e6a70672c31342e6a70672c31352e6a7067, '2010', '450 M2', '600.000 €', '', '6', 'Adrià Goula', 'CASAL DE BARRIO VERDUM', 'Barcelona', 0x536520736974c3ba6120656e20756e206c6f63616c20656e20706c616e74612062616a612064656c20656469666963696f206e7565766f2064652076697669656e6461732064656c20476f6265726e61646f722043312e20456c2070726f6772616d6120636f6d7072656e646520747265732061756c6173206571756970616461732070617261207265616c697a617220616374697669646164657320617274c3ad7374696361732c206cc3ba6469636173207920646f63656e7465732c20756e612073616c6120706f6c6976616c656e74652c20756e612073616c61206465207265756e696f6e65732c20756e612073616c612064652061646d696e69737472616369c3b36e2d6d6f6e69746f72657320636f6e2076656e74616e696c6c612070617261206174656e6369c3b36e20616c2070c3ba626c69636f207920756e20e2809c706173656f20696e746572696f72e2809d2071756520636f6d756e69636120746f646173206c617320657374616e636961732061206c612076657a2071756520656e676c6f6261206573706163696f7320646520657374616e6369612c2070756e746f7320646520656e6375656e74726f207920756e2070756e746f2064652061636365736f206120496e7465726e65742e, '', 0x4179756e74616d69656e746f2064652042617263656c6f6e6120e280932050726f4e6f75426172726973205341, '', 0x42656e65646963746f206765737469c3b36e2064652070726f796563746f732c20534c2c204172717569746563746f732054c3a9636e69636f730d0a5175616472616e742c2020496e67656e696572c3ad6120646520696e7374616c6163696f6e65732079207465636e6f6c6f67c3ad617320416d6269656e74616c65730d0a41647269c3a020476f756c612c20666f74c3b3677261666f20646520617271756974656374757261, '', 0x477275702047554c494e5645532c20534c, '', 'CASAL DE BARRI VERDUM', 'Barcelona', 0x456c206e6f7520436173616c2064652062617272692056657264756d20657320736974756120656e20756e206c6f63616c20656e20706c616e7461206261697861206465206ce28099656469666963692064e28099686162697461746765732070726f7465676974732043312e200d0a0d0a456c2070726f6772616d6120636f6d7072c3a86e20747265732061756c65732065717569706164657320706572207265616c69747a6172206163746976697461747320617274c3ad737469717565732c206cc3ba646971756573206920646f63656e74732c20756e612073616c6120706f6c6976616c656e742c20756e612073616c61206465207265756e696f6e732c20756e612073616c612064e2809961646d696e69737472616369c3b32d6d6f6e69746f727320616d622066696e6573747265746120706572206174656e6369c3b320616c2070c3ba626c6963206920656c207061737365696720696e746572696f722071756520636f6d756e69636120746f746573206c657320657374616e6365732061206c61207665676164612071756520656e676c6f6261206573706169732064e280996573746164612c2070756e74732064652074726f62616461206920756e2070756e742064e28099616363c3a973206120696e7465726e65742e, '', 0x416a756e74616d656e742064652042617263656c6f6e612020e280932050726f4e6f754261727269732c205341, '', 0x42656e65646963746f204765737469c3b32064652070726f6a65637465732c20534c2c2061727175697465637465732074c3a8636e696373200d0a5175616472616e7420456e67696e79657269612064e28099696e7374616cc2b76c6163696f6e732069205465636e6f6c6f6769657320416d6269656e74616c730d0a41647269c3a020476f756c612c20666f74c3b2677261662064e28099617271756974656374757261, '', 0x477275702047756c696e7665732c20534c, '', '', '', '', '', '', '', '', '', '', ''), ('12', 'seva', '1', 'thumbnail.jpg', 0x312e6a70672c322e6a70672c332e6a70672c342e6a70672c352e6a70672c362e6a70672c372e6a70672c382e6a7067, '2004', '250m2', '240.000 €', '', '7', '', 'VIVIENDA UNIFAMILAR AISLADA', 'Seva', 0x2d, '', 0x4265726e617264206465205061617577, '', '', '', 0x436f6e737472756363696f6e7320426173736173, '', 'HABITATGE UNIFAMILIAR AÏLLAT', 'Seva', '', '', 0x4265726e617264206465205061617577, '', '', '', 0x436f6e737472756363696f6e7320426173736173, '', '', '', '', '', '', '', '', '', '', ''), ('13', 'caixa_forum', '1', 'thumbnail.jpg', 0x312e6a70672c322e6a70672c332e6a70672c342e6a70672c352e6a7067, '2009', '25.000 m2', '', '', '8', '', 'CAIXAFORUM EN LAS ANTIGUAS ATARAZANAS DE SEVILLA – CONCURSO RESTRINGIDO', 'Sevilla', 0x456e20656c206573706163696f206469c3a166616e6f2064656c20636f6d706c656a6f206d6f6e756d656e74616c206465206c61732041746172617a616e6173206c6f73206f63686f206d75726f73206c6f6e6769747564696e616c657320636f6e206172636f7320717565207365706172616e206c6173206e6176657320637265616e20756e6120616c7465726e616e636961206465206573706163696f73206361726163746572697a61646f7320706f7220696e74656e73696461646573206c756dc3ad6e696361732064697374696e7461732e20456e206573746f73206573706163696f7320666c7569646f7320646f6d696e6120756e612061746dc3b37366657261206162736f6c7574616d656e746520736f727072656e64656e746520656e2071756520706572737065637469766173207369656d7072652064697374696e7461732076616e206f6672656369c3a96e646f7365206120717569656e20736520706173656120706f72206573746520656e6f726d6520766163c3ad6f2063617369206d65746166c3ad7369636f2e, '', 0x4f62726120536f6369616c20e2809c6c61204361697861e2809d, '', 0x4a6f7264692047617263c3a9732c206172717569746563746f, '', '', '', 'CAIXAFORUM A LES ANTIGUES DRASSANES DE SEVILLA – CONCURS RESTRINGIT', 'Sevilla', 0x41206c276573706169206469c3a066616e2064656c20636f6d706c6578206d6f6e756d656e74616c206465206c6573204472617373616e657320656c732076756974206d757273206c6f6e6769747564696e616c7320616d62206172637320717565207365706172656e206c6573206e61757320637265656e20756e6120616c7465726e616ec3a76120642765737061697320636172616374657269747a6174732070657220696e74656e736974617473206c756dc3ad6e6971756573206469666572656e74732e20e280a8456e20617175657374732065737061697320666c7569647320646f6d696e6120756e612061746d6f7366657261206162736f6c7574616d656e7420736f727072656e656e7420656e20717565207065727370656374697665732073656d707265206469666572656e74732076616e206f666572696e742061207175692065732070617373656a61207065722061717565737420656e6f726d65206275697420676169726562c3a9206d65746166c3ad7369632e20e280a8c38973206120706172746972206427617175657374657320636f6e73696465726163696f6e7320706572636570746976657320692066c3ad73697175657320717565207327686120646563696469742070726573657276617220616c206dc3a078696d20656c20636172c3a0637465722064276171756573742065737061692c2070657220616978c3ad2076616c6f7269747a6172206c612070617274206dc3a97320616e746967612069206f726967696e616c2064656c20636f6e6a756e742070726f706f73616e74206c27656e646572726f63616d656e7420646520746f746573206c6573206e61757320616665676964657320656e20706c616e7461207375706572696f722e20e280a8, '', 0x4f62726120536f6369616c20226c612043616978612220e280a8, 0x4a6f7264692047617263c3a9732c206172717569746563746520e280a8, '', '', '', '', 'CAIXAFORUM IN THE OLD SHIPYARDS OF SEVILLE - RESTRICTED COMPETITION ', 'Sevilla', 0x496e20746865206f70656e207370616365206f6620746865206d6f6e756d656e74616c20636f6d706c6578206f662074686520656967687420736869707961726473206c6f6e6769747564696e616c2077616c6c732077697468206172636865732073657061726174696e6720746865206169736c65732063726561746520616c7465726e6174696e672073706163657320636861726163746572697a656420627920646966666572656e74206c6967687420696e74656e7369746965732ee280a8496e20746865736520666c7569642073706163657320646f6d696e6174657320616e206162736f6c7574656c7920616d617a696e672061746d6f73706865726520696e20776869636820646966666572656e74207065727370656374697665732063616e2062652072696368656e206279207468652076697369746f7273207468726f75676820746869732068756765206d657461706879736963616c20766f69642ee280a849742069732066726f6d207468657365207065726365707475616c20616e6420706879736963616c20636f6e73696465726174696f6e73207468617420746865206465636973696f6e207761732074616b656e3a20207072657365727665206173206d7563682061732074686520636861726163746572206f662074686973206172656120696e206f7264657220746f20656e68616e636520746865206f6c6465737420616e64206d6f7374206f726967696e616c20616e642070726f706f73696e67207468652064656d6f6c6974696f6e206f6620616c6c206c6174656c79206164646564206275696c64696e6773206f6e2074686520757070657220666c6f6f72732e, '', 0x4f62726120536f6369616c20226c6120436169786122e280a8, '', 0x4a6f7264692047617263c3a9732c20617263686974656374e280a8, '', '', ''), ('14', 'sopar_liceu', '1', 'thumbnail.jpg', 0x312e6a70672c322e6a70672c332e6a70672c342e6a70672c352e6a70672c362e6a70672c323030322d536f7061725f616c5f4c696365755f312e6a70672c323030322d536f7061725f616c5f4c696365755f302e6a7067, '2002', '480 m2', '19.242 €', '', '9', '', 'PAISAJE  PARA LA CENA DE ENTREGA DEL I PREMIO INTERNACIONAL DE PERIODISMO CONDE DE BARCELONA EN EL GRAN TEATRO DEL LICEU', 'Barcelona', 0x456c20656e636172676f2066756520656c206465206d6f6e74617220756e2070616973616a652071756520656e6d61726361726120656c206576656e746f20646520756e612063656e612073696e20656e7472617220656e20636f6d706574656e63696120636f6e20656c20656e746f726e6f206465206c6120706c617465612064656c204772616e204c696365752064652042617263656c6f6e612e20204c612070726f70756573746120667565206c6120646520747261736c6164617220706f7220756e617320686f72617320756e2070616973616a65207265616c20656e206573746520696e746572696f722e205365207472617461626120646520756e2070616973616a6520636f6e207665676574616369c3b36e206361726163746572c3ad7374696361206465206c6f732068756d6564616c65732028436f72746164657269612073656c6c6f616e612920646520706f7274657320636f6e736f6c696461646f732064616461206c6120726570726573656e7461746976696461642064656c206576656e746f2e, '', 0x46756e64616369c3b320436f6d7074652064652042617263656c6f6e61, 0x4a6f616e20426f726461732c206a617264696e65726f0d0a466c6f7261204d69736572616368732c2061727265676c6f7320666c6f72616c65730d0a426c616920507569672c20696e746572696f7269737461, 0x58697363612053616c6f6d2069204361726c6f746120536f636961732c206172717569746563746173, '', 0x4a617264696e6572c3ad6120426f72646173, '', 'PAISATGE PEL SOPAR D’ENTREGA DEL I PREMI INTERNACIONAL DE PERIODISME COMTE DE BARCELONA AL GRAN TEATRE DEL LICEU', 'Barcelona', 0x4ce2809920656e63c3a07272656320766120736572206d756e74617220756e207061697361746765207175652072756272697175c3a973206ce280996573646576656e696d656e742064e28099756e20736f7061722073656e736520656e7472617220656e20636f6d706574c3a86e63696120616d62206ce28099656e746f726e206465206c6120706c617465612064656c204772616e204c696365752064652042617263656c6f6e612e0d0a0d0a4c612070726f706f73746120766120736572206c6120646520747261736c6c616461722070657220756e657320686f72657320756e207061697361746765207265616c20656e2061717565737420696e746572696f722e2045732074726163746176612064e28099756e20706169736174676520616d62207665676574616369c3b3206361726163746572c3ad73746963612064e2809961696775616d6f6c6c732028436f72746164657269612073656f6c6c616e612920646520706f72747320636f6e736f6c696461747320646f6e616461206c6120726570726573656e746174697669746174206465206ce280996576656e742e, '', 0x46756e64616369c3b320436f6d74652064652042617263656c6f6e61, 0x4a6f616e20426f726461732c206a617264696e65720d0a466c6f7261204d69736572616368732c20617272616e6a616d656e747320666c6f72616c2e200d0a426c616920507569672c20696e746572696f72697374612e, 0x58697363612053616c6f6d2069204361726c6f746120536f636961732c2061727175697465637465732e, '', 0x4a617264696e6572696120426f72646173, '', 'LANDSCAPE FOR DINNER DELIVERY OF INTERNATIONAL JOURNALISM AWARD I CONDE DE BARCELONA EN EL Gran Teatre del Liceu ', 'Barcelona', 0x466c6f72612c20666c6f72616c20617272616e67656d656e74732e20426c616920507569672c20696e746572696f722e20434f4e5452494255544f52533a2053616c6f6d2058697363612069204361726c6f7461204d656d626572732c20617263686974656374732e2050524f4d4f5445523a20436f6d7074652064652042617263656c6f6e612046756e64616369c3b3204255494c4445523a2047617264656e20426f72646173e280a8e280a85468652061737369676e6d656e742077617320746f207365742075702061206c616e6473636170652074686174206672616d656420746865206576656e74206f6620612064696e6e657220776974686f757420636f6d706574696e6720776974682074686520656e7669726f6e6d656e74206f66207468652061756469656e636520617420746865204772616e204c69636575206f662042617263656c6f6e612e205468652070726f706f73616c2077617320746f206d6f766520666f7220612066657720686f757273207265616c206c616e6473636170657320696e2074686520696e746572696f722e204974207761732061206c616e64736361706520776974682076656765746174696f6e206368617261637465726973746963206f66207765746c616e64732028436f72746164657269612073656c6c6f616e612920636f6e736f6c6964617465642064656c697665727920636861726765732064756520746f2074686520726570726573656e7461746976656e657373206f6620746865206576656e742ee280a8, '', 0x436f6d7074652064652042617263656c6f6e612046756e64616369c3b3, 0x4a6f616e20426f726461732c2067617264656e65722e200d0a4d697365726163687320466c6f72612c20666c6f72616c20617272616e67656d656e74732e200d0a426c616920507569672c20696e746572696f722e, 0x53616c6f6d2058697363612069204361726c6f7461204d656d626572732c20617263686974656374732e, '', 0x47617264656e20426f72646173, '');
COMMIT;

-- ----------------------------
--  Table structure for `projects_has_prices`
-- ----------------------------
DROP TABLE IF EXISTS `projects_has_prices`;
CREATE TABLE `projects_has_prices` (
  `id_projects_has_prices` int(11) NOT NULL,
  `projects_id` int(11) NOT NULL,
  `prices_id` int(11) NOT NULL,
  PRIMARY KEY (`id_projects_has_prices`),
  KEY `fk_projects_has_prices_prices1` (`prices_id`),
  KEY `fk_projects_has_prices_projects1` (`projects_id`)
) ENGINE=MyISAM DEFAULT CHARSET=utf8 COLLATE=utf8_bin;

-- ----------------------------
--  Table structure for `projects_has_publications`
-- ----------------------------
DROP TABLE IF EXISTS `projects_has_publications`;
CREATE TABLE `projects_has_publications` (
  `id_projects_has_publications` int(11) NOT NULL,
  `publications_id` int(11) NOT NULL,
  `projects_id` int(11) NOT NULL,
  PRIMARY KEY (`id_projects_has_publications`),
  KEY `fk_projects_has_publications_projects1` (`projects_id`),
  KEY `fk_projects_has_publications_publications1` (`publications_id`)
) ENGINE=MyISAM DEFAULT CHARSET=utf8 COLLATE=utf8_bin;

-- ----------------------------
--  Table structure for `publications`
-- ----------------------------
DROP TABLE IF EXISTS `publications`;
CREATE TABLE `publications` (
  `id` int(11) NOT NULL,
  `publication` varchar(255) COLLATE utf8_bin NOT NULL,
  `year` date DEFAULT NULL,
  PRIMARY KEY (`id`)
) ENGINE=MyISAM DEFAULT CHARSET=utf8 COLLATE=utf8_bin;

